Name,Address,Phone,Reviews,Ratting,Category,Image,Website,Friday,Saturday,Sunday,Monday,Tuesday,Wednesday,Thursday,Description,Others,Company-Link,Emails
Auto Control Technique,"Address: Rue Colonel Bourg 118, 1140 Bruxelles, Belgium ",+32 2 726 91 52,,,,https://lh5.googleusercontent.com/p/AF1QipPaDA1NzMcfsG-cvstFFXGIZXugV_83yBb0ENZ3=w408-h306-k-no,autocontrole.be,7am to 5pm,closed,closed,7am to 5pm,7am to 5pm,7am to 5pm,7am to 5pm,,,https://www.google.com/maps/place/Auto+Control+Technique/data=!4m7!3m6!1s0x47c3dcadaa18363d:0x298ef8f20e730599!8m2!3d50.8540153!4d4.412004!16s%2Fg%2F1tyzy4jn!19sChIJPTYYqq3cw0cRmQVzDvL4jik?authuser=0&hl=en&rclk=1,info@autocontrole.be
TIC Council,"Address: Rue du Commerce 20, 1000 Bruxelles, Belgium ",+32 2 880 21 37,,,,https://streetviewpixels-pa.googleapis.com/v1/thumbnail?panoid=U9vTAIxGennBQU5An2RLcA&cb_client=search.gws-prod.gps&w=408&h=240&yaw=236.85725&pitch=0&thumbfov=100,tic-council.org,,,,,,,,,,https://www.google.com/maps/place/TIC+Council/data=!4m7!3m6!1s0x47c3c57fbf4a0561:0x6933ae2919613007!8m2!3d50.8400952!4d4.3672782!16s%2Fg%2F11h84r73db!19sChIJYQVKv3_Fw0cRBzBhGSmuM2k?authuser=0&hl=en&rclk=1,americas@tic-council.org,exams@tic-council.org,india@tic-council.org,mxu@tic-council.org,secretariat@tic-council.org
Chapps,"Address: Av. du Port 86C/Bus 315, 1000 Bruxelles, Belgium ",,,,Business to business service,https://lh5.googleusercontent.com/p/AF1QipNLhQlekQy5dNcKWB7qupDPH6rLiUiU6x0XSxCu=w408-h408-k-no,chapps.com,9am to 6pm,closed,closed,9am to 6pm,9am to 6pm,9am to 6pm,9am to 6pm,,,https://www.google.com/maps/place/Chapps/data=!4m7!3m6!1s0x47c3c399fd06cf5f:0x34820c8f126f12e5!8m2!3d50.8642058!4d4.3487976!16s%2Fg%2F11c5gwl_3s!19sChIJX88G_ZnDw0cR5RJvEo8MgjQ?authuser=0&hl=en&rclk=1,info@business.com,salesoffice@chapps.com,sarah@business.com,support@chapps.com
ACT Haren,"Address: Rue de la Grenouillette 25, 1130 Bruxelles, Belgium ",+32 2 726 91 52,,,,https://lh5.googleusercontent.com/p/AF1QipMQpOKIu79DOyLrd5uChJoGVXZiNxsKk55JZ_rz=w426-h240-k-no,autocontrole.be,7am to 5pm,closed,closed,7am to 5pm,7am to 5pm,7am to 5pm,7am to 7pm,,,https://www.google.com/maps/place/ACT+Haren/data=!4m7!3m6!1s0x47c3dcd45f42e115:0xb4f9ae385a66630f!8m2!3d50.8847115!4d4.4176963!16s%2Fg%2F1tmg5qd4!19sChIJFeFCX9Tcw0cRD2NmWjiu-bQ?authuser=0&hl=en&rclk=1,info@autocontrole.be
La Sécurité Automobile,"Address: Rue du Labeur 3/9, 1070 Anderlecht, Belgium ",+32 2 412 07 12,,,,https://lh5.googleusercontent.com/p/AF1QipOQmOU_19sg_100BnUOj45YniHYRuZu0CScLDMo=w408-h306-k-no,securiteautomobile.be,7am to 4:45pm,closed,closed,7am to 4:45pm,7am to 4:45pm,7am to 4:45pm,7am to 4:45pm,,,https://www.google.com/maps/place/La+S%C3%A9curit%C3%A9+Automobile/data=!4m7!3m6!1s0x47c3c4266786c51f:0x83de6c7cfcd3b285!8m2!3d50.8204316!4d4.3089158!16s%2Fg%2F11b77bk2nc!19sChIJH8WGZybEw0cRhbLT_Hxs3oM?authuser=0&hl=en&rclk=1
Mécanique V - Mécanique et carrosserie agrée,"Address: Chau. de Haecht 409, 1030 Bruxelles, Belgium ",+32 2 215 52 67,,,,https://lh5.googleusercontent.com/p/AF1QipPnBQyLAL5DwK_aX8Vmm6-yrPi6zghDASoNcnoV=w408-h378-k-no,mecanique-v.be,1:30 to 6pm,8:30am to 12:30pm,closed,1:30 to 6pm,1:30 to 6pm,1:30 to 6pm,1:30 to 6pm,,,https://www.google.com/maps/place/M%C3%A9canique+V+-+M%C3%A9canique+et+carrosserie+agr%C3%A9e/data=!4m7!3m6!1s0x47c3c36cd282263f:0x9ab0b377bd7fc1b0!8m2!3d50.8677153!4d4.3782427!16s%2Fg%2F1vc80zn0!19sChIJPyaC0mzDw0cRsMF_vXezsJo?authuser=0&hl=en&rclk=1,info@mecanique-v.be
Atlas Controle,"Address: Bd Lambermont 127, 1030 Schaerbeek, Belgium ",+32 2 726 64 04,,,,https://lh5.googleusercontent.com/p/AF1QipMe7FP7rW8duqvgacu0-pR6nhVXGBy2RA7cdRBN=w408-h544-k-no,atlascontrole.be,8am to 5pm,closed,closed,8am to 5pm,8am to 5pm,8am to 5pm,8am to 5pm,,,https://www.google.com/maps/place/Atlas+Controle/data=!4m7!3m6!1s0x47c3db26573b65a1:0x6ebb87b1a9b922d9!8m2!3d50.8714722!4d4.3807183!16s%2Fg%2F11hr_gd8w6!19sChIJoWU7Vybbw0cR2SK5qbGHu24?authuser=0&hl=en&rclk=1,info@atlascontrole.be,office@atlascontrol.be
1030 Schaerbeek,,,,,Postal code,,,,,,,,,,,,https://www.google.com/maps/place/1030+Schaerbeek/data=!4m7!3m6!1s0x47c30a04fc8859d3:0xa6a443f31b2220d1!8m2!3d50.8625502!4d4.37966!16s%2Fm%2F0w001g2!19sChIJ01mI_AQKw0cR0SAiG_NDpKY?authuser=0&hl=en&rclk=1
Auto Control Technique,"Address: Rue Colonel Bourg 118, 1140 Bruxelles, Belgium ",+32 2 726 91 52,,,,https://lh5.googleusercontent.com/p/AF1QipPaDA1NzMcfsG-cvstFFXGIZXugV_83yBb0ENZ3=w408-h306-k-no,autocontrole.be,7am to 5pm,closed,closed,7am to 5pm,7am to 5pm,7am to 5pm,7am to 5pm,,,https://www.google.com/maps/place/Auto+Control+Technique/data=!4m7!3m6!1s0x47c3dcadaa18363d:0x298ef8f20e730599!8m2!3d50.8540153!4d4.412004!16s%2Fg%2F1tyzy4jn!19sChIJPTYYqq3cw0cRmQVzDvL4jik?authuser=0&hl=en&rclk=1,info@autocontrole.be
Gas Inspector,"Address: Rue des Pères Blancs, 1040 Etterbeek, Belgium ",+32 477 93 44 88,,,,https://streetviewpixels-pa.googleapis.com/v1/thumbnail?panoid=p-7S7TF2VeJqU2pjBAAP4Q&cb_client=search.gws-prod.gps&w=408&h=240&yaw=176.53084&pitch=0&thumbfov=100,,,,,,,,,,,https://www.google.com/maps/place/Gas+Inspector/data=!4m7!3m6!1s0x47c3c4b5c227162f:0xe71e0a7bbfdfa8d6!8m2!3d50.8266655!4d4.4004038!16s%2Fg%2F11h7pbhjnz!19sChIJLxYnwrXEw0cR1qjfv3sKHuc?authuser=0&hl=en&rclk=1
Entretien mécanique ixelles,"Address: Rue de la Brasserie 53, 1050 Ixelles, Belgium ",+32 470 30 05 86,,,,https://lh5.googleusercontent.com/p/AF1QipMmcu1H9YeeaIdY843JUeqcE8qnv-iK1VSqpK1r=w408-h306-k-no,,9am to 1pm,9am to 6pm,closed,9am to 6pm,9am to 6pm,9am to 6pm,9am to 6pm,,,https://www.google.com/maps/place/Entretien+m%C3%A9canique+ixelles/data=!4m7!3m6!1s0x47c3c59232b3ea4b:0x8876c7e1ecab4a52!8m2!3d50.8289422!4d4.3766415!16s%2Fg%2F11rxj8cync!19sChIJS-qzMpLFw0cRUkqr7OHHdog?authuser=0&hl=en&rclk=1
Auto Control Technique,"Address: Rue Colonel Bourg 118, 1140 Bruxelles, Belgium ",+32 2 726 91 52,,,,https://lh5.googleusercontent.com/p/AF1QipPaDA1NzMcfsG-cvstFFXGIZXugV_83yBb0ENZ3=w408-h306-k-no,autocontrole.be,7am to 5pm,closed,closed,7am to 5pm,7am to 5pm,7am to 5pm,7am to 5pm,,,https://www.google.com/maps/place/Auto+Control+Technique/data=!4m7!3m6!1s0x47c3dcadaa18363d:0x298ef8f20e730599!8m2!3d50.8540153!4d4.412004!16s%2Fg%2F1tyzy4jn!19sChIJPTYYqq3cw0cRmQVzDvL4jik?authuser=0&hl=en&rclk=1,info@autocontrole.be
Car'm,"Address: Av. Julien Hanssens 9, 1080 Molenbeek-Saint-Jean, Belgium ",+32 488 79 99 90,,,,https://streetviewpixels-pa.googleapis.com/v1/thumbnail?panoid=M8aIWbb-8zrNhOGhKSu47A&cb_client=search.gws-prod.gps&w=408&h=240&yaw=204.97939&pitch=0&thumbfov=100,,open 24 hours,open 24 hours,closed,open 24 hours,open 24 hours,open 24 hours,open 24 hours,,,https://www.google.com/maps/place/Car%27m/data=!4m7!3m6!1s0x47c3c3bed0af1d15:0x3374105994a8ed19!8m2!3d50.8638325!4d4.3383389!16s%2Fg%2F11td32n4vd!19sChIJFR2v0L7Dw0cRGe2olFkQdDM?authuser=0&hl=en&rclk=1
Passage Contrôle technique/Location plaque Z/ Sortie de fourrière /Carroserie Mécanique,"Address: Rue de la Lys 6, 1080 Bruxelles, Belgium ",+32 495 76 83 15,,,,https://lh5.googleusercontent.com/p/AF1QipOKlTsYPw1-XlMokpn7AY6LGJq5IrGT2cEmR-Tq=w429-h240-k-no,,open 24 hours,open 24 hours,closed,open 24 hours,open 24 hours,open 24 hours,open 24 hours,,,https://www.google.com/maps/place/Passage+Contr%C3%B4le+technique%2FLocation+plaque+Z%2F+Sortie+de+fourri%C3%A8re+%2FCarroserie+M%C3%A9canique/data=!4m7!3m6!1s0x47c3c51112ba6789:0x7d9e344303a0e1bf!8m2!3d50.8644898!4d4.3327394!16s%2Fg%2F11js_xq7dv!19sChIJiWe6EhHFw0cRv-GgA0M0nn0?authuser=0&hl=en&rclk=1
Auto Control Technique,"Address: Rue Colonel Bourg 118, 1140 Bruxelles, Belgium ",+32 2 726 91 52,,,,https://lh5.googleusercontent.com/p/AF1QipPaDA1NzMcfsG-cvstFFXGIZXugV_83yBb0ENZ3=w408-h306-k-no,autocontrole.be,7am to 5pm,closed,closed,7am to 5pm,7am to 5pm,7am to 5pm,7am to 5pm,,,https://www.google.com/maps/place/Auto+Control+Technique/data=!4m7!3m6!1s0x47c3dcadaa18363d:0x298ef8f20e730599!8m2!3d50.8540153!4d4.412004!16s%2Fg%2F1tyzy4jn!19sChIJPTYYqq3cw0cRmQVzDvL4jik?authuser=0&hl=en&rclk=1,info@autocontrole.be
Koekelberg,,,,,,https://lh5.googleusercontent.com/p/AF1QipOg7PgPO8sLnIoZnKncDbvGgo9IJogvh6ku8ODO=w426-h240-k-no,,,,,,,,,,,https://www.google.com/maps/place/Koekelberg/data=!4m7!3m6!1s0x47c3c3e59d30949f:0x40099ab2f4d5510!8m2!3d50.8628695!4d4.326542!16zL20vMDEzdmg1!19sChIJn5QwneXDw0cREFVNL6uZAAQ?authuser=0&hl=en&rclk=1
Ganshoren,,,,,,https://lh5.googleusercontent.com/p/AF1QipNPiEcBklQpXPuduw2Za6Ri4LE1B8219-SUCR_Q=w426-h240-k-no,,,,,,,,,,,https://www.google.com/maps/place/Ganshoren/data=!4m7!3m6!1s0x47c3c16105975fc3:0x40099ab2f4d50f0!8m2!3d50.8721114!4d4.3138569!16zL20vMDEzdmc5!19sChIJw1-XBWHBw0cR8FBNL6uZAAQ?authuser=0&hl=en&rclk=1
Jette,,,,,,https://lh5.googleusercontent.com/p/AF1QipPO5ulxVbpnvr9oaH1CAXK6elrdJ-5buIxQArUj=w408-h544-k-no,,,,,,,,,,,https://www.google.com/maps/place/Jette/data=!4m7!3m6!1s0x47c3c3eea4dee6f9:0x7fff6026e637a25d!8m2!3d50.8854006!4d4.3173436!16zL20vMDEzdmdy!19sChIJ-ebepO7Dw0cRXaI35iZg_38?authuser=0&hl=en&rclk=1
Neder-Over-Heembeek,,,,,,https://lh5.googleusercontent.com/p/AF1QipMBTmHih1ljlxbb7rtUiNESw-e0dq9PBPfwHNhr=w408-h306-k-no,,,,,,,,,,,https://www.google.com/maps/place/Neder-Over-Heembeek/data=!4m7!3m6!1s0x47c3c2f97b0e8bd3:0xb1f6e3616825d7cb!8m2!3d50.8953309!4d4.3880767!16s%2Fm%2F02ph7hc!19sChIJ04sOe_nCw0cRy9claGHj9rE?authuser=0&hl=en&rclk=1
Haren,,,,,,https://lh5.googleusercontent.com/p/AF1QipP4VtDE11vbMcRvOzeRTt5_E9Fz2FQGi4Zf2UFk=w408-h306-k-no,,,,,,,,,,,https://www.google.com/maps/place/Haren/data=!4m7!3m6!1s0x47c82d048bbcc5db:0x42bbdaeaecd2037a!8m2!3d53.1718265!4d6.605243!16zL20vMHY1cF8!19sChIJ28W8iwQtyEcRegPS7Orau0I?authuser=0&hl=en&rclk=1
Auto Control Technique,"Address: Rue Colonel Bourg 118, 1140 Bruxelles, Belgium ",+32 2 726 91 52,,,,https://lh5.googleusercontent.com/p/AF1QipPaDA1NzMcfsG-cvstFFXGIZXugV_83yBb0ENZ3=w408-h306-k-no,autocontrole.be,7am to 5pm,closed,closed,7am to 5pm,7am to 5pm,7am to 5pm,7am to 5pm,,,https://www.google.com/maps/place/Auto+Control+Technique/data=!4m7!3m6!1s0x47c3dcadaa18363d:0x298ef8f20e730599!8m2!3d50.8540153!4d4.412004!16s%2Fg%2F1tyzy4jn!19sChIJPTYYqq3cw0cRmQVzDvL4jik?authuser=0&hl=en&rclk=1,info@autocontrole.be
Agence Titres-Services IL&C à Evere,"Address: Avenue H. Conscience 66, 1140 Evere, Belgium ",+32 2 430 24 04,,,,https://streetviewpixels-pa.googleapis.com/v1/thumbnail?panoid=YbHmSzck09CfWohg-nHRHg&cb_client=search.gws-prod.gps&w=408&h=240&yaw=153.07053&pitch=0&thumbfov=100,titres-services.net,1:30 to 5pm,closed,closed,1:30 to 5pm,1:30 to 5pm,1:30 to 5pm,1:30 to 5pm,,,https://www.google.com/maps/place/Agence+Titres-Services+IL%26C+%C3%A0+Evere/data=!4m7!3m6!1s0x47c3c3377c62b8ef:0x74e52aa9efd60662!8m2!3d50.867837!4d4.3991702!16s%2Fg%2F11hd5fg4s6!19sChIJ77hifDfDw0cRYgbW76kq5XQ?authuser=0&hl=en&rclk=1,marche@titres-services.net,waterloo@titres-services.net
,"Address: Rue de la Grenouillette 25, 1130 Bruxelles, Belgium ",+32 2 726 91 52,,,,https://lh5.googleusercontent.com/p/AF1QipMQpOKIu79DOyLrd5uChJoGVXZiNxsKk55JZ_rz=w426-h240-k-no,autocontrole.be,7am to 5pm,closed,closed,7am to 5pm,7am to 5pm,7am to 5pm,7am to 7pm,,,https://www.google.com/maps/place/ACT+Haren/data=!4m7!3m6!1s0x47c3dcd45f42e115:0xb4f9ae385a66630f!8m2!3d50.8847115!4d4.4176963!16s%2Fg%2F1tmg5qd4!19sChIJFeFCX9Tcw0cRD2NmWjiu-bQ?authuser=0&hl=en&rclk=1,info@autocontrole.be
,"Address: Rue Fonson 10/A, 1140 Evere, Belgium ",+32 2 215 36 57,,,,https://streetviewpixels-pa.googleapis.com/v1/thumbnail?panoid=dQavwG3E0yp1uHyhYj65Zw&cb_client=search.gws-prod.gps&w=408&h=240&yaw=349.8895&pitch=0&thumbfov=100,jljsprl.be,1 to 4:30pm,closed,closed,1 to 6pm,1 to 6pm,1 to 6pm,1 to 6pm,,,https://www.google.com/maps/place/Luc%27s+Garage/data=!4m7!3m6!1s0x47c3c32e523c7a05:0x7163464e4b640cc3!8m2!3d50.8793852!4d4.4046229!16s%2Fg%2F1tlnclrp!19sChIJBXo8Ui7Dw0cRwwxkS05GY3E?authuser=0&hl=en&rclk=1,info@jljsprl.be,jlj.sprl@skynet.be
,,,,,,https://lh5.googleusercontent.com/p/AF1QipPS0Fq5tWUEWJGPidf6kyeXKhaHC0KVoHT8p29l=w483-h240-k-no,,,,,,,,,,,https://www.google.com/maps/place/Woluwe-Saint-Pierre/data=!4m7!3m6!1s0x47c3db8fe84fd989:0x3741595328bf1f6c!8m2!3d50.8329055!4d4.4317994!16zL20vMDEzdmtx!19sChIJidlP6I_bw0cRbB-_KFNZQTc?authuser=0&hl=en&rclk=1
,,,,,,,,,,,,,,,,,https://www.google.com/maps/place/1160/data=!4m7!3m6!1s0x47c3a7bfbeff8335:0xb5d86226f92e4422!8m2!3d50.8108671!4d4.4372273!16s%2Fm%2F0g4tps9!19sChIJNYP_vr-nw0cRIkQu-SZi2LU?authuser=0&hl=en&rclk=1
,,,,,,https://lh5.googleusercontent.com/p/AF1QipOHeY13SsVBpURVHkm1CZNccuqVmQzbL6OfcuwE=w408-h273-k-no,,,,,,,,,,,https://www.google.com/maps/place/Uccle/data=!4m7!3m6!1s0x47c3c4fa7171339f:0xd015e04324e6eb1f!8m2!3d50.8027666!4d4.34095!16zL20vMDZuemo0!19sChIJnzNxcfrEw0cRH-vmJEPgFdA?authuser=0&hl=en&rclk=1
Woluwe-Saint-Lambert,,,,,,https://lh5.googleusercontent.com/p/AF1QipMLLd-W3TNsFYvPcVCGCkSReaXmbqBBUkyDoCZX=w507-h240-k-no,,,,,,,,,,,https://www.google.com/maps/place/Woluwe-Saint-Lambert/data=!4m7!3m6!1s0x47c3db5903eef09f:0x3c6a1ac965fcdb42!8m2!3d50.8429581!4d4.4243679!16zL20vMDFtdDhf!19sChIJn_DuA1nbw0cRQtv8Zckaajw?authuser=0&hl=en&rclk=1
,"Address: Rue Colonel Bourg 118, 1140 Bruxelles, Belgium ",+32 2 726 91 52,,,,https://lh5.googleusercontent.com/p/AF1QipPaDA1NzMcfsG-cvstFFXGIZXugV_83yBb0ENZ3=w408-h306-k-no,autocontrole.be,7am to 5pm,closed,closed,7am to 5pm,7am to 5pm,7am to 5pm,7am to 5pm,,,https://www.google.com/maps/place/Auto+Control+Technique/data=!4m7!3m6!1s0x47c3dcadaa18363d:0x298ef8f20e730599!8m2!3d50.8540153!4d4.412004!16s%2Fg%2F1tyzy4jn!19sChIJPTYYqq3cw0cRmQVzDvL4jik?authuser=0&hl=en&rclk=1,info@autocontrole.be
,"Address: Av. Paul Hymans 111, 1200 Woluwe-Saint-Lambert, Belgium ",+32 2 424 18 85,,,,https://lh5.googleusercontent.com/p/AF1QipPsx57EWf6XW2EZDB64n_MKijudP6fv6Pe3ElkD=w408-h272-k-no,constru-care.com,8am to 6pm,closed,closed,8am to 6pm,8am to 6pm,8am to 6pm,8am to 6pm,,,https://www.google.com/maps/place/CONSTRU-CARE/data=!4m7!3m6!1s0x47c3db581c16316b:0x7d5fee4af0a02b89!8m2!3d50.8474809!4d4.4314909!16s%2Fg%2F11jffdmj_6!19sChIJazEWHFjbw0cRiSug8EruX30?authuser=0&hl=en&rclk=1,contact@constru-care.com
,"Address: Rue de la Grenouillette 25, 1130 Bruxelles, Belgium ",+32 2 726 91 52,,,,https://lh5.googleusercontent.com/p/AF1QipMQpOKIu79DOyLrd5uChJoGVXZiNxsKk55JZ_rz=w426-h240-k-no,autocontrole.be,7am to 5pm,closed,closed,7am to 5pm,7am to 5pm,7am to 5pm,7am to 7pm,,,https://www.google.com/maps/place/ACT+Haren/data=!4m7!3m6!1s0x47c3dcd45f42e115:0xb4f9ae385a66630f!8m2!3d50.8847115!4d4.4176963!16s%2Fg%2F1tmg5qd4!19sChIJFeFCX9Tcw0cRD2NmWjiu-bQ?authuser=0&hl=en&rclk=1,info@autocontrole.be
,,,,,,https://lh5.googleusercontent.com/p/AF1QipPKQ_Lo7Wn4zWjzemWK_S-ngQ2tlVQax4zRFmuO=w408-h306-k-no,,,,,,,,,,,https://www.google.com/maps/place/1300+Wavre/data=!4m7!3m6!1s0x47c17d7d715cc315:0x92f28eb0da19a7e1!8m2!3d50.7179009!4d4.6192995!16s%2Fm%2F0j1c4_q!19sChIJFcNccX19wUcR4acZ2rCO8pI?authuser=0&hl=en&rclk=1
,,,,,,https://lh5.googleusercontent.com/p/AF1QipPg00IwirjepQ_a4tA7Dgk6ZAfjAS5gqnXh8FQS=w408-h544-k-no,,,,,,,,,,,https://www.google.com/maps/place/Limal/data=!4m7!3m6!1s0x47c3d6258e2e96b1:0x919d15ce37a0ec54!8m2!3d50.6934506!4d4.5732954!16s%2Fm%2F0_h04c2!19sChIJsZYujiXWw0cRVOygN84VnZE?authuser=0&hl=en&rclk=1
,"Address: Rue Joséphine Rauscent 121, 1300 Wavre, Belgium ",+32 472 07 68 81,,,,https://streetviewpixels-pa.googleapis.com/v1/thumbnail?panoid=xx69aMlwkZvD51oAVdVh8A&cb_client=search.gws-prod.gps&w=408&h=240&yaw=262.6529&pitch=0&thumbfov=100,,open 24 hours,open 24 hours,open 24 hours,open 24 hours,open 24 hours,open 24 hours,open 24 hours,,,https://www.google.com/maps/place/Workshop+%26+adv/data=!4m7!3m6!1s0x47c3d7732a3564b1:0x9d15fb83900f0f38!8m2!3d50.698279!4d4.5580674!16s%2Fg%2F11stzb426f!19sChIJsWQ1KnPXw0cROA8PkIP7FZ0?authuser=0&hl=en&rclk=1
,"Address: Rue du Fond Cattelain 4, 1435 Mont-Saint-Guibert, Belgium ",+32 87 57 20 30,,,,https://lh5.googleusercontent.com/p/AF1QipO3DhF6l3-MG_p3ceebGXyY68Gb_mt3fZJlq9xA=w408-h306-k-no,autosecurite.be,7am to 5pm,closed,closed,7am to 5pm,7am to 5pm,7am to 5pm,7am to 5pm,,,https://www.google.com/maps/place/Autos%C3%A9curit%C3%A9+-+Station+de+Mont-Saint-Guibert+-+18/data=!4m7!3m6!1s0x47c17e7ef552e909:0xef0fb3fc94c1fafc!8m2!3d50.6589105!4d4.6250882!16s%2Fg%2F1ptvyx03m!19sChIJCelS9X5-wUcR_PrBlPyzD-8?authuser=0&hl=en&rclk=1,formation.conduite.automobile@spw.wallonie.be,homologation.vehicules@spw.wallonie.be,mobilite@spw.wallonie.be
,"Address: Rue du Progrès 1, 1400 Nivelles, Belgium ",+32 67 44 29 94,,,,https://lh5.googleusercontent.com/p/AF1QipORSaZIFRVcg76qMdTQCy7NR9wSbNW-7zHsDZBD=w408-h544-k-no,lcndtest.be,open 24 hours,open 24 hours,open 24 hours,open 24 hours,open 24 hours,open 24 hours,open 24 hours,,,https://www.google.com/maps/place/LCndtest/data=!4m7!3m6!1s0x47c23362b4aad6c1:0xeb168dc531ac6084!8m2!3d50.5963436!4d4.3564187!16s%2Fg%2F11vrsqfgw9!19sChIJwdaqtGIzwkcRhGCsMcWNFus?authuser=0&hl=en&rclk=1,info@lcndtest.be
,"Address: Rue de la Bachée 49a, 1380 Lasne, Belgium ",+32 2 245 65 58,,,,https://lh5.googleusercontent.com/p/AF1QipNmWPtvadj0GSqyt4qYKh2dlFHo4G19acuqGdqB=w408-h297-k-no,alldetect.be,1 to 5pm,closed,closed,1 to 5pm,1 to 5pm,1 to 5pm,1 to 5pm,,,https://www.google.com/maps/place/All+Detect/data=!4m7!3m6!1s0x8772d4623115ea47:0xa69ba4e8ed62f130!8m2!3d50.6595572!4d4.4272587!16s%2Fg%2F11tg1z16nh!19sChIJR-oVMWLUcocRMPFi7eikm6Y?authuser=0&hl=en&rclk=1,info@alldetect.be
,"Address: Rue du Fond Cattelain 4, 1435 Mont-Saint-Guibert, Belgium ",+32 87 57 20 30,,,,https://lh5.googleusercontent.com/p/AF1QipO3DhF6l3-MG_p3ceebGXyY68Gb_mt3fZJlq9xA=w408-h306-k-no,autosecurite.be,7am to 5pm,closed,closed,7am to 5pm,7am to 5pm,7am to 5pm,7am to 5pm,,,https://www.google.com/maps/place/Autos%C3%A9curit%C3%A9+-+Station+de+Mont-Saint-Guibert+-+18/data=!4m7!3m6!1s0x47c17e7ef552e909:0xef0fb3fc94c1fafc!8m2!3d50.6589105!4d4.6250882!16s%2Fg%2F1ptvyx03m!19sChIJCelS9X5-wUcR_PrBlPyzD-8?authuser=0&hl=en&rclk=1,formation.conduite.automobile@spw.wallonie.be,homologation.vehicules@spw.wallonie.be,mobilite@spw.wallonie.be
,"Address: Rue du Fond Cattelain 4, 1435 Mont-Saint-Guibert, Belgium ",+32 87 57 20 30,,,,https://lh5.googleusercontent.com/p/AF1QipO3DhF6l3-MG_p3ceebGXyY68Gb_mt3fZJlq9xA=w408-h306-k-no,autosecurite.be,7am to 5pm,closed,closed,7am to 5pm,7am to 5pm,7am to 5pm,7am to 5pm,,,https://www.google.com/maps/place/Autos%C3%A9curit%C3%A9+-+Station+de+Mont-Saint-Guibert+-+18/data=!4m7!3m6!1s0x47c17e7ef552e909:0xef0fb3fc94c1fafc!8m2!3d50.6589105!4d4.6250882!16s%2Fg%2F1ptvyx03m!19sChIJCelS9X5-wUcR_PrBlPyzD-8?authuser=0&hl=en&rclk=1,formation.conduite.automobile@spw.wallonie.be,homologation.vehicules@spw.wallonie.be,mobilite@spw.wallonie.be
,"Address: Chau. de Tirlemont 156, 5030 Gembloux, Belgium ",+32 2 880 21 71,,,,https://lh5.googleusercontent.com/p/AF1QipPHIwRDggHyUgpFSII3jiSebl4WvXp-yyX9yCA9=w408-h272-k-no,certinergie.be,1:30 to 4:30pm,closed,closed,8:30am to 5pm,8:30am to 5pm,8:30am to 5pm,8:30am to 5pm,,,https://www.google.com/maps/place/CERTINERGIE+certificat+PEB+-+contr%C3%B4le+%C3%A9lectrique+-+audit+%C3%A9nerg%C3%A9tique+-+organisme+agr%C3%A9%C3%A9/data=!4m7!3m6!1s0x47c17d7348bc1843:0x66536a415a068b39!8m2!3d50.5875862!4d4.7174185!16s%2Fg%2F11bbt8l9ll!19sChIJQxi8SHN9wUcROYsGWkFqU2Y?authuser=0&hl=en&rclk=1,info@certinergie.be
,,,,,,https://lh5.googleusercontent.com/p/AF1QipMSQ7v3AwWA_8YraOIpkKgl6VUBDKzcgtXCPwar=w408-h725-k-no,,,,,,,,,,,https://www.google.com/maps/place/Glimes/data=!4m7!3m6!1s0x47c171216584a537:0xaaea8ed217bae26f!8m2!3d50.6796!4d4.83774!16s%2Fg%2F122pkk_2!19sChIJN6WEZSFxwUcRb-K6F9KO6qo?authuser=0&hl=en&rclk=1
,,,,,,,,,,,,,,,,,https://www.google.com/maps/place/Roux-Miroir/data=!4m7!3m6!1s0x47c17a814dd2dcb1:0xc9d164f973ede063!8m2!3d50.70811!4d4.78513!16s%2Fg%2F122h6bgl!19sChIJsdzSTYF6wUcRY-Dtc_lk0ck?authuser=0&hl=en&rclk=1
,,,,,,https://lh5.googleusercontent.com/p/AF1QipN7isjOSS9W7dXICzFxuvXQZNyYOnVdER_4UcDh=w408-h306-k-no,,,,,,,,,,,https://www.google.com/maps/place/Beauvechain/data=!4m7!3m6!1s0x47c1650db417b6d1:0x6a483c7b1628e0b7!8m2!3d50.7803349!4d4.7728065!16zL20vMDE3cWwx!19sChIJ0bYXtA1lwUcRt-AoFns8SGo?authuser=0&hl=en&rclk=1
,"Address: Rue du Fond Cattelain 4, 1435 Mont-Saint-Guibert, Belgium ",+32 87 57 20 30,,,,https://lh5.googleusercontent.com/p/AF1QipO3DhF6l3-MG_p3ceebGXyY68Gb_mt3fZJlq9xA=w408-h306-k-no,autosecurite.be,7am to 5pm,closed,closed,7am to 5pm,7am to 5pm,7am to 5pm,7am to 5pm,,,https://www.google.com/maps/place/Autos%C3%A9curit%C3%A9+-+Station+de+Mont-Saint-Guibert+-+18/data=!4m7!3m6!1s0x47c17e7ef552e909:0xef0fb3fc94c1fafc!8m2!3d50.6589105!4d4.6250882!16s%2Fg%2F1ptvyx03m!19sChIJCelS9X5-wUcR_PrBlPyzD-8?authuser=0&hl=en&rclk=1,formation.conduite.automobile@spw.wallonie.be,homologation.vehicules@spw.wallonie.be,mobilite@spw.wallonie.be
,"Address: Chau. de Tirlemont 156, 5030 Gembloux, Belgium ",+32 2 880 21 71,,,,https://lh5.googleusercontent.com/p/AF1QipPHIwRDggHyUgpFSII3jiSebl4WvXp-yyX9yCA9=w408-h272-k-no,certinergie.be,1:30 to 4:30pm,closed,closed,8:30am to 5pm,8:30am to 5pm,8:30am to 5pm,8:30am to 5pm,,,https://www.google.com/maps/place/CERTINERGIE+certificat+PEB+-+contr%C3%B4le+%C3%A9lectrique+-+audit+%C3%A9nerg%C3%A9tique+-+organisme+agr%C3%A9%C3%A9/data=!4m7!3m6!1s0x47c17d7348bc1843:0x66536a415a068b39!8m2!3d50.5875862!4d4.7174185!16s%2Fg%2F11bbt8l9ll!19sChIJQxi8SHN9wUcROYsGWkFqU2Y?authuser=0&hl=en&rclk=1,info@certinergie.be
,,,,,,,,,,,,,,,,,https://www.google.com/maps/place/Nodebais/data=!4m7!3m6!1s0x47c164e43aa4219f:0xdd38c473f0aa60f6!8m2!3d50.77319!4d4.73555!16s%2Fg%2F1224brgj!19sChIJnyGkOuRkwUcR9mCq8HPEON0?authuser=0&hl=en&rclk=1
,"Address: 1520 Kiler Canyon Rd, Paso Robles, CA 93446 ",(805) 238-4999,,,,https://lh5.googleusercontent.com/p/AF1QipML6ellkESix7wx8IQt3h-7eMrKno-1jpNB0OA=w408-h306-k-no,eclusewines.com,11am to 4pm,11am to 4pm,11am to 4pm,closed,closed,closed,11am to 4pm,,,https://www.google.com/maps/place/%C3%89cluse+Wines/data=!4m7!3m6!1s0x80ecdab60bf90c81:0xe4ee98d20d840500!8m2!3d35.6086093!4d-120.7175408!16s%2Fg%2F1v75s6qy!19sChIJgQz5C7ba7IARAAWEDdKY7uQ?authuser=0&hl=en&rclk=1,kelly@eclusewines.com
,,,,,,https://lh5.googleusercontent.com/p/AF1QipOJ-IY641NGipLuXW8HMxsEKpOe16XuqFbbKiVi=w408-h544-k-no,,,,,,,,,,,https://www.google.com/maps/place/Chaumont-Gistoux/data=!4m7!3m6!1s0x47c17bd727fc12dd:0x96cb6fb41832adb2!8m2!3d50.6839246!4d4.6946405!16zL20vMDE3cW1r!19sChIJ3RL8J9d7wUcRsq0yGLRvy5Y?authuser=0&hl=en&rclk=1
,"Address: Rue du Fond Cattelain 4, 1435 Mont-Saint-Guibert, Belgium ",+32 87 57 20 30,,,,https://lh5.googleusercontent.com/p/AF1QipO3DhF6l3-MG_p3ceebGXyY68Gb_mt3fZJlq9xA=w408-h306-k-no,autosecurite.be,7am to 5pm,closed,closed,7am to 5pm,7am to 5pm,7am to 5pm,7am to 5pm,,,https://www.google.com/maps/place/Autos%C3%A9curit%C3%A9+-+Station+de+Mont-Saint-Guibert+-+18/data=!4m7!3m6!1s0x47c17e7ef552e909:0xef0fb3fc94c1fafc!8m2!3d50.6589105!4d4.6250882!16s%2Fg%2F1ptvyx03m!19sChIJCelS9X5-wUcR_PrBlPyzD-8?authuser=0&hl=en&rclk=1,formation.conduite.automobile@spw.wallonie.be,homologation.vehicules@spw.wallonie.be,mobilite@spw.wallonie.be
,"Address: Chau. de Tirlemont 156, 5030 Gembloux, Belgium ",+32 2 880 21 71,,,,https://lh5.googleusercontent.com/p/AF1QipPHIwRDggHyUgpFSII3jiSebl4WvXp-yyX9yCA9=w408-h272-k-no,certinergie.be,1:30 to 4:30pm,closed,closed,8:30am to 5pm,8:30am to 5pm,8:30am to 5pm,8:30am to 5pm,,,https://www.google.com/maps/place/CERTINERGIE+certificat+PEB+-+contr%C3%B4le+%C3%A9lectrique+-+audit+%C3%A9nerg%C3%A9tique+-+organisme+agr%C3%A9%C3%A9/data=!4m7!3m6!1s0x47c17d7348bc1843:0x66536a415a068b39!8m2!3d50.5875862!4d4.7174185!16s%2Fg%2F11bbt8l9ll!19sChIJQxi8SHN9wUcROYsGWkFqU2Y?authuser=0&hl=en&rclk=1,info@certinergie.be
,"Address: Rue du Fond Cattelain 4, 1435 Mont-Saint-Guibert, Belgium ",+32 87 57 20 30,,,,https://lh5.googleusercontent.com/p/AF1QipO3DhF6l3-MG_p3ceebGXyY68Gb_mt3fZJlq9xA=w408-h306-k-no,autosecurite.be,7am to 5pm,closed,closed,7am to 5pm,7am to 5pm,7am to 5pm,7am to 5pm,,,https://www.google.com/maps/place/Autos%C3%A9curit%C3%A9+-+Station+de+Mont-Saint-Guibert+-+18/data=!4m7!3m6!1s0x47c17e7ef552e909:0xef0fb3fc94c1fafc!8m2!3d50.6589105!4d4.6250882!16s%2Fg%2F1ptvyx03m!19sChIJCelS9X5-wUcR_PrBlPyzD-8?authuser=0&hl=en&rclk=1,formation.conduite.automobile@spw.wallonie.be,homologation.vehicules@spw.wallonie.be,mobilite@spw.wallonie.be
,"Address: Rue du Progrès 1, 1400 Nivelles, Belgium ",+32 67 44 29 94,,,,https://lh5.googleusercontent.com/p/AF1QipORSaZIFRVcg76qMdTQCy7NR9wSbNW-7zHsDZBD=w408-h544-k-no,lcndtest.be,open 24 hours,open 24 hours,open 24 hours,open 24 hours,open 24 hours,open 24 hours,open 24 hours,,,https://www.google.com/maps/place/LCndtest/data=!4m7!3m6!1s0x47c23362b4aad6c1:0xeb168dc531ac6084!8m2!3d50.5963436!4d4.3564187!16s%2Fg%2F11vrsqfgw9!19sChIJwdaqtGIzwkcRhGCsMcWNFus?authuser=0&hl=en&rclk=1,info@lcndtest.be
,"Address: Chau. de Tirlemont 156, 5030 Gembloux, Belgium ",+32 2 880 21 71,,,,https://lh5.googleusercontent.com/p/AF1QipPHIwRDggHyUgpFSII3jiSebl4WvXp-yyX9yCA9=w408-h272-k-no,certinergie.be,1:30 to 4:30pm,closed,closed,8:30am to 5pm,8:30am to 5pm,8:30am to 5pm,8:30am to 5pm,,,https://www.google.com/maps/place/CERTINERGIE+certificat+PEB+-+contr%C3%B4le+%C3%A9lectrique+-+audit+%C3%A9nerg%C3%A9tique+-+organisme+agr%C3%A9%C3%A9/data=!4m7!3m6!1s0x47c17d7348bc1843:0x66536a415a068b39!8m2!3d50.5875862!4d4.7174185!16s%2Fg%2F11bbt8l9ll!19sChIJQxi8SHN9wUcROYsGWkFqU2Y?authuser=0&hl=en&rclk=1,info@certinergie.be
,"Address: Rue Joséphine Rauscent 121, 1300 Wavre, Belgium ",+32 472 07 68 81,,,,https://streetviewpixels-pa.googleapis.com/v1/thumbnail?panoid=xx69aMlwkZvD51oAVdVh8A&cb_client=search.gws-prod.gps&w=408&h=240&yaw=262.6529&pitch=0&thumbfov=100,,open 24 hours,open 24 hours,open 24 hours,open 24 hours,open 24 hours,open 24 hours,open 24 hours,,,https://www.google.com/maps/place/Workshop+%26+adv/data=!4m7!3m6!1s0x47c3d7732a3564b1:0x9d15fb83900f0f38!8m2!3d50.698279!4d4.5580674!16s%2Fg%2F11stzb426f!19sChIJsWQ1KnPXw0cROA8PkIP7FZ0?authuser=0&hl=en&rclk=1
,"Address: Rue du Fond Cattelain 4, 1435 Mont-Saint-Guibert, Belgium ",+32 87 57 20 30,,,,https://lh5.googleusercontent.com/p/AF1QipO3DhF6l3-MG_p3ceebGXyY68Gb_mt3fZJlq9xA=w408-h306-k-no,autosecurite.be,7am to 5pm,closed,closed,7am to 5pm,7am to 5pm,7am to 5pm,7am to 5pm,,,https://www.google.com/maps/place/Autos%C3%A9curit%C3%A9+-+Station+de+Mont-Saint-Guibert+-+18/data=!4m7!3m6!1s0x47c17e7ef552e909:0xef0fb3fc94c1fafc!8m2!3d50.6589105!4d4.6250882!16s%2Fg%2F1ptvyx03m!19sChIJCelS9X5-wUcR_PrBlPyzD-8?authuser=0&hl=en&rclk=1,formation.conduite.automobile@spw.wallonie.be,homologation.vehicules@spw.wallonie.be,mobilite@spw.wallonie.be
,"Address: Rue du Progrès 1, 1400 Nivelles, Belgium ",+32 67 44 29 94,,,,https://lh5.googleusercontent.com/p/AF1QipORSaZIFRVcg76qMdTQCy7NR9wSbNW-7zHsDZBD=w408-h544-k-no,lcndtest.be,open 24 hours,open 24 hours,open 24 hours,open 24 hours,open 24 hours,open 24 hours,open 24 hours,,,https://www.google.com/maps/place/LCndtest/data=!4m7!3m6!1s0x47c23362b4aad6c1:0xeb168dc531ac6084!8m2!3d50.5963436!4d4.3564187!16s%2Fg%2F11vrsqfgw9!19sChIJwdaqtGIzwkcRhGCsMcWNFus?authuser=0&hl=en&rclk=1,info@lcndtest.be
,"Address: Rue du Fond Cattelain 4, 1435 Mont-Saint-Guibert, Belgium ",+32 87 57 20 30,,,,https://lh5.googleusercontent.com/p/AF1QipO3DhF6l3-MG_p3ceebGXyY68Gb_mt3fZJlq9xA=w408-h306-k-no,autosecurite.be,7am to 5pm,closed,closed,7am to 5pm,7am to 5pm,7am to 5pm,7am to 5pm,,,https://www.google.com/maps/place/Autos%C3%A9curit%C3%A9+-+Station+de+Mont-Saint-Guibert+-+18/data=!4m7!3m6!1s0x47c17e7ef552e909:0xef0fb3fc94c1fafc!8m2!3d50.6589105!4d4.6250882!16s%2Fg%2F1ptvyx03m!19sChIJCelS9X5-wUcR_PrBlPyzD-8?authuser=0&hl=en&rclk=1,formation.conduite.automobile@spw.wallonie.be,homologation.vehicules@spw.wallonie.be,mobilite@spw.wallonie.be
,"Address: Av. de Veszprém 5, 1340 Ottignies-Louvain-la-Neuve, Belgium ",+32 10 43 62 00,,,,,olln.be,1 to 3pm,closed,closed,1 to 3pm,1 to 3pm,1 to 3pm,1 to 3pm,,,https://www.google.com/maps/place/Service+Travaux+Ville+d%27Ottignies-Louvain-la-Neuve/data=!4m7!3m6!1s0x47c3d748233ea45d:0xf0e67c7a230c7fe8!8m2!3d50.6742451!4d4.5768741!16s%2Fg%2F11fnb1gdbc!19sChIJXaQ-I0jXw0cR6H8MI3p85vA?authuser=0&hl=en&rclk=1,contact@olln.be
,"Address: Av. des Combattants 46, 1340 Ottignies-Louvain-la-Neuve, Belgium ",+32 10 41 49 26,,,,https://streetviewpixels-pa.googleapis.com/v1/thumbnail?panoid=QLrtmx4q9j6H4LkfeUqjjA&cb_client=search.gws-prod.gps&w=408&h=240&yaw=113.52551&pitch=0&thumbfov=100,titres-services.net,1:30 to 5pm,closed,closed,1:30 to 5pm,1:30 to 5pm,1:30 to 5pm,1:30 to 5pm,,,https://www.google.com/maps/place/Agence+Titres-Services+IL%26C+%C3%A0+Ottignies/data=!4m7!3m6!1s0x47c3d5fb47b287cd:0x6989e493b057f4a4!8m2!3d50.6667966!4d4.5682205!16s%2Fg%2F1pxw3chjt!19sChIJzYeyR_vVw0cRpPRXsJPkiWk?authuser=0&hl=en&rclk=1,waterloo@titres-services.net
,"Address: Espa. du Coeur de Ville, 1340 Ottignies-Louvain-la-Neuve, Belgium ",+32 2 315 85 82,,,,https://streetviewpixels-pa.googleapis.com/v1/thumbnail?panoid=Y9nQE-cF-r79_i0LmPskrw&cb_client=search.gws-prod.gps&w=408&h=240&yaw=242.06505&pitch=0&thumbfov=100,clearcleaning.be,open 24 hours,open 24 hours,open 24 hours,open 24 hours,open 24 hours,open 24 hours,open 24 hours,,,https://www.google.com/maps/place/Titres+services+Ottignies-Louvain-la-Neuve/data=!4m7!3m6!1s0x47c224ecc808516f:0xbdc261d092bdd323!8m2!3d50.6648343!4d4.5672351!16s%2Fg%2F11hd07dlb_!19sChIJb1EIyOwkwkcRI9O9ktBhwr0?authuser=0&hl=en&rclk=1
,"Address: Av. Albert Einstein 1, 1348 Ottignies-Louvain-la-Neuve, Belgium ",+32 87 57 20 30,,,,https://lh5.googleusercontent.com/p/AF1QipMCRykS92__aWyL14laLoP1xfJSpK7UuxlXvUsh=w426-h240-k-no,autosecurite.be,12:45 to 5pm,closed,closed,12:45 to 5pm,12:45 to 5pm,12:45 to 5pm,12:45 to 5pm,,,https://www.google.com/maps/place/Autos%C3%A9curit%C3%A9+-+Centre+d%27examens+de+Louvain-la-Neuve+-+1025/data=!4m7!3m6!1s0x47c17e7ef55baf39:0x4397dfd7ef07351b!8m2!3d50.6669623!4d4.626496!16s%2Fg%2F11g6vg7d87!19sChIJOa9b9X5-wUcRGzUH79ffl0M?authuser=0&hl=en&rclk=1,formation.conduite.automobile@spw.wallonie.be,homologation.vehicules@spw.wallonie.be,mobilite@spw.wallonie.be
,,,,,,https://lh5.googleusercontent.com/p/AF1QipNvmV-oe8vtSeB5hLxuPornva8PTvQgvsiHRLs9=w408-h306-k-no,,,,,,,,,,,https://www.google.com/maps/place/Ottignies-Louvain-la-Neuve/data=!4m7!3m6!1s0x47c17bd127c2c78b:0xe8cddec167c143ab!8m2!3d50.6658053!4d4.5670329!16zL20vMDE3cXN0!19sChIJi8fCJ9F7wUcRq0PBZ8Hezeg?authuser=0&hl=en&rclk=1
California,,,,,,https://lh3.googleusercontent.com/gps-proxy/ALd4DhH4bne5z5aEr_QfXGojDMz-NAUjPu5-q3-_dNxZCF_ZLECxpDL0LmZRSn22QNqI03LC-0ZYeAcb6sHZSp0mmZri-CuhrttDd4V6F0KoR1v6Xhe7fWEDY5CvkwcCYKN2rf7072Sje7_DDRDcZN5iOVE5v0t5_sfO00qAn22W8LjGakOMzubuhNHV3A=w408-h272-k-no,,,,,,,,,,,https://www.google.com/maps/place/California/data=!4m7!3m6!1s0x808fb9fe5f285e3d:0x8b5109a227086f55!8m2!3d36.778261!4d-119.4179324!16zL20vMDFuN3E!19sChIJPV4oX_65j4ARVW8IJ6IJUYs?authuser=0&hl=en&rclk=1
,"Address: Rue du Fond Cattelain 4, 1435 Mont-Saint-Guibert, Belgium ",+32 87 57 20 30,,,,https://lh5.googleusercontent.com/p/AF1QipO3DhF6l3-MG_p3ceebGXyY68Gb_mt3fZJlq9xA=w408-h306-k-no,autosecurite.be,7am to 5pm,closed,closed,7am to 5pm,7am to 5pm,7am to 5pm,7am to 5pm,,,https://www.google.com/maps/place/Autos%C3%A9curit%C3%A9+-+Station+de+Mont-Saint-Guibert+-+18/data=!4m7!3m6!1s0x47c17e7ef552e909:0xef0fb3fc94c1fafc!8m2!3d50.6589105!4d4.6250882!16s%2Fg%2F1ptvyx03m!19sChIJCelS9X5-wUcR_PrBlPyzD-8?authuser=0&hl=en&rclk=1,formation.conduite.automobile@spw.wallonie.be,homologation.vehicules@spw.wallonie.be,mobilite@spw.wallonie.be
LCndtest,"Address: Rue du Progrès 1, 1400 Nivelles, Belgium ",+32 67 44 29 94,,,Engineer,https://lh5.googleusercontent.com/p/AF1QipORSaZIFRVcg76qMdTQCy7NR9wSbNW-7zHsDZBD=w408-h544-k-no,lcndtest.be,open 24 hours,open 24 hours,open 24 hours,open 24 hours,open 24 hours,open 24 hours,open 24 hours,,,https://www.google.com/maps/place/LCndtest/data=!4m7!3m6!1s0x47c23362b4aad6c1:0xeb168dc531ac6084!8m2!3d50.5963436!4d4.3564187!16s%2Fg%2F11vrsqfgw9!19sChIJwdaqtGIzwkcRhGCsMcWNFus?authuser=0&hl=en&rclk=1,info@lcndtest.be
Jauche,,,,,,https://lh5.googleusercontent.com/p/AF1QipOe_D5NgsAD1FgXrvMy81OcxpyMqR0kVeRZ8gEr=w408-h544-k-no,,,,,,,,,,,https://www.google.com/maps/place/Jauche/data=!4m7!3m6!1s0x47c1731590747eff:0xb74758ebd11967c5!8m2!3d50.68298!4d4.9547!16s%2Fg%2F121_4qpd!19sChIJ_350kBVzwUcRxWcZ0etYR7c?authuser=0&hl=en&rclk=1
Autosécurité - Station de Mont-Saint-Guibert - 18,"Address: Rue du Fond Cattelain 4, 1435 Mont-Saint-Guibert, Belgium ",+32 87 57 20 30,,,,https://lh5.googleusercontent.com/p/AF1QipO3DhF6l3-MG_p3ceebGXyY68Gb_mt3fZJlq9xA=w408-h306-k-no,autosecurite.be,7am to 5pm,closed,closed,7am to 5pm,7am to 5pm,7am to 5pm,7am to 5pm,,,https://www.google.com/maps/place/Autos%C3%A9curit%C3%A9+-+Station+de+Mont-Saint-Guibert+-+18/data=!4m7!3m6!1s0x47c17e7ef552e909:0xef0fb3fc94c1fafc!8m2!3d50.6589105!4d4.6250882!16s%2Fg%2F1ptvyx03m!19sChIJCelS9X5-wUcR_PrBlPyzD-8?authuser=0&hl=en&rclk=1,formation.conduite.automobile@spw.wallonie.be,homologation.vehicules@spw.wallonie.be,mobilite@spw.wallonie.be
CERTINERGIE certificat PEB - contrôle électrique - audit énergétique - organisme agréé,"Address: Chau. de Tirlemont 156, 5030 Gembloux, Belgium ",+32 2 880 21 71,,,,https://lh5.googleusercontent.com/p/AF1QipPHIwRDggHyUgpFSII3jiSebl4WvXp-yyX9yCA9=w408-h272-k-no,certinergie.be,1:30 to 4:30pm,closed,closed,8:30am to 5pm,8:30am to 5pm,8:30am to 5pm,8:30am to 5pm,,,https://www.google.com/maps/place/CERTINERGIE+certificat+PEB+-+contr%C3%B4le+%C3%A9lectrique+-+audit+%C3%A9nerg%C3%A9tique+-+organisme+agr%C3%A9%C3%A9/data=!4m7!3m6!1s0x47c17d7348bc1843:0x66536a415a068b39!8m2!3d50.5875862!4d4.7174185!16s%2Fg%2F11bbt8l9ll!19sChIJQxi8SHN9wUcROYsGWkFqU2Y?authuser=0&hl=en&rclk=1,info@certinergie.be
Marilles,,,,,,,,,,,,,,,,,https://www.google.com/maps/place/Marilles/data=!4m7!3m6!1s0x47c172e44ca838b9:0x783425ea7b2bf044!8m2!3d50.70716!4d4.95274!16s%2Fg%2F120p9y0w!19sChIJuTioTORywUcRRPAre-olNHg?authuser=0&hl=en&rclk=1
CERTINERGIE certificat PEB - contrôle électrique - audit énergétique - organisme agréé,"Address: Chau. de Tirlemont 156, 5030 Gembloux, Belgium ",+32 2 880 21 71,,,,https://lh5.googleusercontent.com/p/AF1QipPHIwRDggHyUgpFSII3jiSebl4WvXp-yyX9yCA9=w408-h272-k-no,certinergie.be,1:30 to 4:30pm,closed,closed,8:30am to 5pm,8:30am to 5pm,8:30am to 5pm,8:30am to 5pm,,,https://www.google.com/maps/place/CERTINERGIE+certificat+PEB+-+contr%C3%B4le+%C3%A9lectrique+-+audit+%C3%A9nerg%C3%A9tique+-+organisme+agr%C3%A9%C3%A9/data=!4m7!3m6!1s0x47c17d7348bc1843:0x66536a415a068b39!8m2!3d50.5875862!4d4.7174185!16s%2Fg%2F11bbt8l9ll!19sChIJQxi8SHN9wUcROYsGWkFqU2Y?authuser=0&hl=en&rclk=1,info@certinergie.be
Autosécurité - Station de Mont-Saint-Guibert - 18,"Address: Rue du Fond Cattelain 4, 1435 Mont-Saint-Guibert, Belgium ",+32 87 57 20 30,,,,https://lh5.googleusercontent.com/p/AF1QipO3DhF6l3-MG_p3ceebGXyY68Gb_mt3fZJlq9xA=w408-h306-k-no,autosecurite.be,7am to 5pm,closed,closed,7am to 5pm,7am to 5pm,7am to 5pm,7am to 5pm,,,https://www.google.com/maps/place/Autos%C3%A9curit%C3%A9+-+Station+de+Mont-Saint-Guibert+-+18/data=!4m7!3m6!1s0x47c17e7ef552e909:0xef0fb3fc94c1fafc!8m2!3d50.6589105!4d4.6250882!16s%2Fg%2F1ptvyx03m!19sChIJCelS9X5-wUcR_PrBlPyzD-8?authuser=0&hl=en&rclk=1,formation.conduite.automobile@spw.wallonie.be,homologation.vehicules@spw.wallonie.be,mobilite@spw.wallonie.be
Linsmeau,,,,,,https://lh5.googleusercontent.com/p/AF1QipO4kJR1tE33mStsFNbMbpPGIt79HZrU5PIgSEV_=w408-h306-k-no,,,,,,,,,,,https://www.google.com/maps/place/Linsmeau/data=!4m7!3m6!1s0x47c10d56dd28b7cd:0x45b9a2934dd4fd0a!8m2!3d50.7335692!4d5.0029743!16s%2Fg%2F120jw__p!19sChIJzbco3VYNwUcRCv3UTZOiuUU?authuser=0&hl=en&rclk=1
Perwez,,,,,,https://lh5.googleusercontent.com/p/AF1QipOcbXycq-ZrIL7ejNDRE8vxz-4_9E3i9wEMhV8w=w408-h680-k-no,,,,,,,,,,,https://www.google.com/maps/place/Perwez/data=!4m7!3m6!1s0x47c1770095628dc7:0x93c741bdecf82035!8m2!3d50.6241986!4d4.8151235!16zL20vMDE3cXQ1!19sChIJx41ilQB3wUcRNSD47L1Bx5M?authuser=0&hl=en&rclk=1
Autosécurité - Station de Mont-Saint-Guibert - 18,"Address: Rue du Fond Cattelain 4, 1435 Mont-Saint-Guibert, Belgium ",+32 87 57 20 30,,,,https://lh5.googleusercontent.com/p/AF1QipO3DhF6l3-MG_p3ceebGXyY68Gb_mt3fZJlq9xA=w408-h306-k-no,autosecurite.be,7am to 5pm,closed,closed,7am to 5pm,7am to 5pm,7am to 5pm,7am to 5pm,,,https://www.google.com/maps/place/Autos%C3%A9curit%C3%A9+-+Station+de+Mont-Saint-Guibert+-+18/data=!4m7!3m6!1s0x47c17e7ef552e909:0xef0fb3fc94c1fafc!8m2!3d50.6589105!4d4.6250882!16s%2Fg%2F1ptvyx03m!19sChIJCelS9X5-wUcR_PrBlPyzD-8?authuser=0&hl=en&rclk=1,formation.conduite.automobile@spw.wallonie.be,homologation.vehicules@spw.wallonie.be,mobilite@spw.wallonie.be
CERTINERGIE certificat PEB - contrôle électrique - audit énergétique - organisme agréé,"Address: Chau. de Tirlemont 156, 5030 Gembloux, Belgium ",+32 2 880 21 71,,,,https://lh5.googleusercontent.com/p/AF1QipPHIwRDggHyUgpFSII3jiSebl4WvXp-yyX9yCA9=w408-h272-k-no,certinergie.be,1:30 to 4:30pm,closed,closed,8:30am to 5pm,8:30am to 5pm,8:30am to 5pm,8:30am to 5pm,,,https://www.google.com/maps/place/CERTINERGIE+certificat+PEB+-+contr%C3%B4le+%C3%A9lectrique+-+audit+%C3%A9nerg%C3%A9tique+-+organisme+agr%C3%A9%C3%A9/data=!4m7!3m6!1s0x47c17d7348bc1843:0x66536a415a068b39!8m2!3d50.5875862!4d4.7174185!16s%2Fg%2F11bbt8l9ll!19sChIJQxi8SHN9wUcROYsGWkFqU2Y?authuser=0&hl=en&rclk=1,info@certinergie.be
Wastines,,,,,,,,,,,,,,,,,https://www.google.com/maps/place/Wastines/data=!4m7!3m6!1s0x47c170b6172f34ad:0x8b9338cf353e4311!8m2!3d50.66982!4d4.80447!16s%2Fg%2F120wf01r!19sChIJrTQvF7ZwwUcREUM-Nc84k4s?authuser=0&hl=en&rclk=1
Thorembais-Saint-Trond,,,,,,,,,,,,,,,,,https://www.google.com/maps/place/Thorembais-Saint-Trond/data=!4m7!3m6!1s0x47c17765787a0e95:0x3c1479fed8f4ac61!8m2!3d50.63465!4d4.78646!16s%2Fg%2F120_rst6!19sChIJlQ56eGV3wUcRYaz02P55FDw?authuser=0&hl=en&rclk=1
CERTINERGIE certificat PEB - contrôle électrique - audit énergétique - organisme agréé,"Address: Chau. de Tirlemont 156, 5030 Gembloux, Belgium ",+32 2 880 21 71,,,,https://lh5.googleusercontent.com/p/AF1QipPHIwRDggHyUgpFSII3jiSebl4WvXp-yyX9yCA9=w408-h272-k-no,certinergie.be,1:30 to 4:30pm,closed,closed,8:30am to 5pm,8:30am to 5pm,8:30am to 5pm,8:30am to 5pm,,,https://www.google.com/maps/place/CERTINERGIE+certificat+PEB+-+contr%C3%B4le+%C3%A9lectrique+-+audit+%C3%A9nerg%C3%A9tique+-+organisme+agr%C3%A9%C3%A9/data=!4m7!3m6!1s0x47c17d7348bc1843:0x66536a415a068b39!8m2!3d50.5875862!4d4.7174185!16s%2Fg%2F11bbt8l9ll!19sChIJQxi8SHN9wUcROYsGWkFqU2Y?authuser=0&hl=en&rclk=1,info@certinergie.be
,"Address: Rue du Fond Cattelain 4, 1435 Mont-Saint-Guibert, Belgium ",+32 87 57 20 30,,,,https://lh5.googleusercontent.com/p/AF1QipO3DhF6l3-MG_p3ceebGXyY68Gb_mt3fZJlq9xA=w408-h306-k-no,autosecurite.be,7am to 5pm,closed,closed,7am to 5pm,7am to 5pm,7am to 5pm,7am to 5pm,,,https://www.google.com/maps/place/Autos%C3%A9curit%C3%A9+-+Station+de+Mont-Saint-Guibert+-+18/data=!4m7!3m6!1s0x47c17e7ef552e909:0xef0fb3fc94c1fafc!8m2!3d50.6589105!4d4.6250882!16s%2Fg%2F1ptvyx03m!19sChIJCelS9X5-wUcR_PrBlPyzD-8?authuser=0&hl=en&rclk=1,formation.conduite.automobile@spw.wallonie.be,homologation.vehicules@spw.wallonie.be,mobilite@spw.wallonie.be
,,,,,,,,,,,,,,,,,https://www.google.com/maps/place/Ramillies-Offus/data=!4m7!3m6!1s0x47c1745d0411e365:0x2b9ed24db078cd41!8m2!3d50.635971!4d4.915168!16s%2Fg%2F1210b56r!19sChIJZeMRBF10wUcRQc14sE3Snis?authuser=0&hl=en&rclk=1
,,,,,,https://lh5.googleusercontent.com/p/AF1QipOCCO8XoOAVuySWUd3KLa-FS9eCFE5GdMgvzg3I=w408-h306-k-no,,,,,,,,,,,https://www.google.com/maps/place/Bomal/data=!4m7!3m6!1s0x47c04ff87e2025ef:0x2fd8c258204052a7!8m2!3d50.37901!4d5.52348!16s%2Fm%2F05h3rjc!19sChIJ7yUgfvhPwEcRp1JAIFjC2C8?authuser=0&hl=en&rclk=1
,,,,,,https://lh3.googleusercontent.com/gps-proxy/ALd4DhF38BwO2cHBjL5DvUxa3qBww5jqE8GF0KB96jK4NBO4au8N_kxn3zRVMPsoRHxq2yQg7qYGfUWGGuDDeVHsLSSU3lQa2w4OLhYUQ1e18Qshryo1mOPYBoFa8xtigz0HW1CLMvuvY-SHUFC0VitRph9pQL0KlvaHq0G_Ek5ZNNmJIUWDjvS55nsp=w408-h272-k-no,,,,,,,,,,,https://www.google.com/maps/place/Georgia/data=!4m7!3m6!1s0x88f136c51d5f8157:0x6684bc10ec4f10e7!8m2!3d32.1574351!4d-82.907123!16zL20vMGQweDg!19sChIJV4FfHcU28YgR5xBP7BC8hGY?authuser=0&hl=en&rclk=1
,,,,,,https://lh5.googleusercontent.com/p/AF1QipNnWd_i2ovFE8-Gu9PefuPSLBP12z-X-g_0GlQF=w408-h272-k-no,,,,,,,,,,,https://www.google.com/maps/place/Jodoigne/data=!4m7!3m6!1s0x47c171936ed37c31:0x18bda13dcb4a5051!8m2!3d50.7233726!4d4.8712894!16zL20vMDE3cXE0!19sChIJMXzTbpNxwUcRUVBKyz2hvRg?authuser=0&hl=en&rclk=1
,,,,,,https://lh5.googleusercontent.com/p/AF1QipN1JDB1nrhuyVMsTFD_LHCFkr0DtfXLcX9Glslw=w408-h378-k-no,,,,,,,,,,,https://www.google.com/maps/place/Lynn/data=!4m7!3m6!1s0x89e30e326d82e5af:0x8b493e21b76b4853!8m2!3d42.466763!4d-70.9494938!16zL20vMHR6MXg!19sChIJr-WCbTIO44kRU0hrtyE-SYs?authuser=0&hl=en&rclk=1
Lathuy,,,,,,https://lh5.googleusercontent.com/p/AF1QipPCrLqGCblKnhgIvmU13FdsFLtuighXliq_RZfQ=w408-h725-k-no,,,,,,,,,,,https://www.google.com/maps/place/Lathuy/data=!4m7!3m6!1s0x47c17038788b6ffb:0x98aa06aa3c2402e!8m2!3d50.72366!4d4.82613!16s%2Fg%2F122pwnhg!19sChIJ-2-LeDhwwUcRLkDCo2qgigk?authuser=0&hl=en&rclk=1
,,,,,,,,,,,,,,,,,https://www.google.com/maps/place/Saint-Jean-Geest/data=!4m7!3m6!1s0x47c17201bc0ebbff:0x5abcb198b7401c72!8m2!3d50.73964!4d4.89548!16s%2Fm%2F0_v4hw8!19sChIJ_7sOvAFywUcRchxAt5ixvFo?authuser=0&hl=en&rclk=1
,,,,,,https://lh5.googleusercontent.com/p/AF1QipMMdYJbg9uvhTDOvhHjTz5Ea68piXXMdUCqLVkh=w408-h306-k-no,,,,,,,,,,,https://www.google.com/maps/place/Saint-Remy-Geest/data=!4m7!3m6!1s0x47c16e26ee3eb29f:0xf71afff7bef3358b!8m2!3d50.74636!4d4.86019!16s%2Fg%2F121_jb4y!19sChIJn7I-7iZuwUcRizXzvvf_Gvc?authuser=0&hl=en&rclk=1
,,,,,,https://lh5.googleusercontent.com/p/AF1QipO2eAQ1mi4lBx1zsdM26ai3Gk0H1lKi4Gs_lFPM=w408-h725-k-no,,,,,,,,,,,https://www.google.com/maps/place/Dongelberg/data=!4m7!3m6!1s0x47c170f63645c02d:0xe1c86fd3d6a4cfcd!8m2!3d50.70338!4d4.82007!16s%2Fg%2F12156n7_!19sChIJLcBFNvZwwUcRzc-k1tNvyOE?authuser=0&hl=en&rclk=1
,,,,,,,,,,,,,,,,,https://www.google.com/maps/place/Jauchelette/data=!4m7!3m6!1s0x47c1711a2a86d9cb:0xd95a37be1155cc8a!8m2!3d50.68631!4d4.84358!16s%2Fg%2F121kw9dl!19sChIJy9mGKhpxwUcRisxVEb43Wtk?authuser=0&hl=en&rclk=1
,,,,,,https://lh5.googleusercontent.com/p/AF1QipO6wRe7O1GwYJ4Vbl5j4soeXPwtRrRwak7Ll6Yb=w408-h272-k-no,,,,,,,,,,,https://www.google.com/maps/place/Lasne/data=!4m7!3m6!1s0x47c173a6b422231f:0x86f8606f7a228e4d!8m2!3d50.6846593!4d4.4829461!16zL20vMDE3cXF4!19sChIJHyMitKZzwUcRTY4iem9g-IY?authuser=0&hl=en&rclk=1
,,,,,,https://lh5.googleusercontent.com/p/AF1QipOiniNvU0yEXwld81YQGfFHJBgi6-I-nAB4eA-C=w408-h544-k-no,,,,,,,,,,,https://www.google.com/maps/place/Ohain/data=!4m7!3m6!1s0x47c3d147eba81b8f:0x78bcb96837bf8bab!8m2!3d50.69907!4d4.46919!16zL20vMDN5XzZx!19sChIJjxuo60fRw0cRq4u_N2i5vHg?authuser=0&hl=en&rclk=1
,"Address: Rue de la Bachée 49a, 1380 Lasne, Belgium ",+32 2 245 65 58,,,,https://lh5.googleusercontent.com/p/AF1QipNmWPtvadj0GSqyt4qYKh2dlFHo4G19acuqGdqB=w408-h297-k-no,alldetect.be,1 to 5pm,closed,closed,1 to 5pm,1 to 5pm,1 to 5pm,1 to 5pm,,,https://www.google.com/maps/place/All+Detect/data=!4m7!3m6!1s0x8772d4623115ea47:0xa69ba4e8ed62f130!8m2!3d50.6595572!4d4.4272587!16s%2Fg%2F11tg1z16nh!19sChIJR-oVMWLUcocRMPFi7eikm6Y?authuser=0&hl=en&rclk=1,info@alldetect.be
,"Address: Rue du Fond Cattelain 4, 1435 Mont-Saint-Guibert, Belgium ",+32 87 57 20 30,,,,https://lh5.googleusercontent.com/p/AF1QipO3DhF6l3-MG_p3ceebGXyY68Gb_mt3fZJlq9xA=w408-h306-k-no,autosecurite.be,7am to 5pm,closed,closed,7am to 5pm,7am to 5pm,7am to 5pm,7am to 5pm,,,https://www.google.com/maps/place/Autos%C3%A9curit%C3%A9+-+Station+de+Mont-Saint-Guibert+-+18/data=!4m7!3m6!1s0x47c17e7ef552e909:0xef0fb3fc94c1fafc!8m2!3d50.6589105!4d4.6250882!16s%2Fg%2F1ptvyx03m!19sChIJCelS9X5-wUcR_PrBlPyzD-8?authuser=0&hl=en&rclk=1,formation.conduite.automobile@spw.wallonie.be,homologation.vehicules@spw.wallonie.be,mobilite@spw.wallonie.be
,"Address: Rue de la Bachée 49a, 1380 Lasne, Belgium ",+32 2 245 65 58,,,,https://lh5.googleusercontent.com/p/AF1QipNmWPtvadj0GSqyt4qYKh2dlFHo4G19acuqGdqB=w408-h297-k-no,alldetect.be,1 to 5pm,closed,closed,1 to 5pm,1 to 5pm,1 to 5pm,1 to 5pm,,,https://www.google.com/maps/place/All+Detect/data=!4m7!3m6!1s0x8772d4623115ea47:0xa69ba4e8ed62f130!8m2!3d50.6595572!4d4.4272587!16s%2Fg%2F11tg1z16nh!19sChIJR-oVMWLUcocRMPFi7eikm6Y?authuser=0&hl=en&rclk=1,info@alldetect.be
,"Address: Rue du Progrès 1, 1400 Nivelles, Belgium ",+32 67 44 29 94,,,,https://lh5.googleusercontent.com/p/AF1QipORSaZIFRVcg76qMdTQCy7NR9wSbNW-7zHsDZBD=w408-h544-k-no,lcndtest.be,open 24 hours,open 24 hours,open 24 hours,open 24 hours,open 24 hours,open 24 hours,open 24 hours,,,https://www.google.com/maps/place/LCndtest/data=!4m7!3m6!1s0x47c23362b4aad6c1:0xeb168dc531ac6084!8m2!3d50.5963436!4d4.3564187!16s%2Fg%2F11vrsqfgw9!19sChIJwdaqtGIzwkcRhGCsMcWNFus?authuser=0&hl=en&rclk=1,info@lcndtest.be
Maransart,,,,,,,,,,,,,,,,,https://www.google.com/maps/place/Maransart/data=!4m7!3m6!1s0x47c3d3eb7e1f8bb1:0xeb01da3c5f52ff1e!8m2!3d50.65953!4d4.46745!16s%2Fm%2F0_h0dh9!19sChIJsYsffuvTw0cRHv9SXzzaAes?authuser=0&hl=en&rclk=1
Grez-Doiceau,,,,,,https://lh5.googleusercontent.com/p/AF1QipMQ3453jwSKMMQtbRd8rN2GBcBjCZ7U3Ouz1YXz=w408-h306-k-no,,,,,,,,,,,https://www.google.com/maps/place/Grez-Doiceau/data=!4m7!3m6!1s0x47c17b5b5c70b7af:0x7cb8f730c132d7df!8m2!3d50.7384929!4d4.6957027!16zL20vMDE3cW5w!19sChIJr7dwXFt7wUcR39cywTD3uHw?authuser=0&hl=en&rclk=1
Autosécurité - Station de Mont-Saint-Guibert - 18,"Address: Rue du Fond Cattelain 4, 1435 Mont-Saint-Guibert, Belgium ",+32 87 57 20 30,,,,https://lh5.googleusercontent.com/p/AF1QipO3DhF6l3-MG_p3ceebGXyY68Gb_mt3fZJlq9xA=w408-h306-k-no,autosecurite.be,7am to 5pm,closed,closed,7am to 5pm,7am to 5pm,7am to 5pm,7am to 5pm,,,https://www.google.com/maps/place/Autos%C3%A9curit%C3%A9+-+Station+de+Mont-Saint-Guibert+-+18/data=!4m7!3m6!1s0x47c17e7ef552e909:0xef0fb3fc94c1fafc!8m2!3d50.6589105!4d4.6250882!16s%2Fg%2F1ptvyx03m!19sChIJCelS9X5-wUcR_PrBlPyzD-8?authuser=0&hl=en&rclk=1,formation.conduite.automobile@spw.wallonie.be,homologation.vehicules@spw.wallonie.be,mobilite@spw.wallonie.be
,"Address: Rue du Progrès 1, 1400 Nivelles, Belgium ",+32 67 44 29 94,,,,https://lh5.googleusercontent.com/p/AF1QipORSaZIFRVcg76qMdTQCy7NR9wSbNW-7zHsDZBD=w408-h544-k-no,lcndtest.be,open 24 hours,open 24 hours,open 24 hours,open 24 hours,open 24 hours,open 24 hours,open 24 hours,,,https://www.google.com/maps/place/LCndtest/data=!4m7!3m6!1s0x47c23362b4aad6c1:0xeb168dc531ac6084!8m2!3d50.5963436!4d4.3564187!16s%2Fg%2F11vrsqfgw9!19sChIJwdaqtGIzwkcRhGCsMcWNFus?authuser=0&hl=en&rclk=1,info@lcndtest.be
,"Address: Rue Joséphine Rauscent 121, 1300 Wavre, Belgium ",+32 472 07 68 81,,,,https://streetviewpixels-pa.googleapis.com/v1/thumbnail?panoid=xx69aMlwkZvD51oAVdVh8A&cb_client=search.gws-prod.gps&w=408&h=240&yaw=262.6529&pitch=0&thumbfov=100,,open 24 hours,open 24 hours,open 24 hours,open 24 hours,open 24 hours,open 24 hours,open 24 hours,,,https://www.google.com/maps/place/Workshop+%26+adv/data=!4m7!3m6!1s0x47c3d7732a3564b1:0x9d15fb83900f0f38!8m2!3d50.698279!4d4.5580674!16s%2Fg%2F11stzb426f!19sChIJsWQ1KnPXw0cROA8PkIP7FZ0?authuser=0&hl=en&rclk=1
